,Title,Artist,Streams,Date,Followers
0,Hopeless Romantic (feat. Swae Lee),Wiz Khalifa,603126,2018-10-04,8490133
1,You Say,Lauren Daigle,584245,2018-10-04,957789
2,My Jeans (Lil Ba,& Gunna feat. Young Thug),775468,2018-10-05,41
3,Off White VLONE (Lil Ba,& Gunna feat. Lil Durk & NAV),583819,2018-10-09,41
4,Drew Barrymore,Bryce Vine,649058,2018-10-11,216372
5,500 PS,Bonez MC,617206,2018-10-13,1086496
6,Self Care,Mac Miller,574405,2018-10-17,3542252
7,Madura (feat. Bad Bunny),Cosculluela,575827,2018-10-18,2663867
8,Blah Blah Blah,Armin van Buuren,576621,2018-10-20,3087429
9,seoul (prod. HONNE),RM,568099,2018-10-23,1392652
10,Get Dripped (feat. Playboi Carti),Lil Yachty,613310,2018-10-25,5437850
11,Cuando Nadie Ve,Morat,576677,2018-10-30,2272453
12,Zombie,The Cranberries,866065,2018-10-31,1766228
13,Disturbia,Rihanna,840675,2018-10-31,34231098
14,This Is Halloween,The Citizens of Halloween,830149,2018-10-31,5729
15,(Don't Fear) The Reaper,Blue Öyster Cult,815570,2018-10-31,733978
16,This Is Halloween,Marilyn Manson,793624,2018-10-31,2238562
17,A Nightmare on My Street,DJ Jazzy Jeff & The Fresh Prince,618623,2018-10-31,177730
18,"Standard (feat. Trettmann, Gringo, Ufo361 & Gzuz)",KitschKrieg,613049,2018-10-31,63128
19,Tanta Falta,Bryant Myers,600356,2018-10-31,2895635
20,Highway to Hell,AC/DC,681839,2018-11-01,12827618
21,"Ghostbusters - from the Original Motion Picture ""Ghostbusters""","Ray Parker, Jr.",608251,2018-11-01,33061
22,La player (Bandolera),Zion & Lennox,562643,2018-11-01,3781522
23,Party For One,Carly Rae Jepsen,727904,2018-11-02,3662056
24,O Bebê,MC Kevinho,590469,2018-11-03,6451635
25,Tempo,EXO,612379,2018-11-05,4683816
26,Last Memory,Takeoff,630023,2018-11-07,557321
27,Ba,(feat. MARINA & Luis Fonsi),656881,2018-11-08,0
28,WORKIN ME,Quavo,605458,2018-11-08,3296462
29,IL CIELO NELLA STANZA (feat. NSTASIA),Salmo,609466,2018-11-15,1498219
30,The Mantra (with Pharrell & Kendrick Lamar),Mike WiLL Made-It,872651,2018-11-16,907919
31,Rêves bizarres (feat. Damso),Orelsan,811230,2018-11-16,1099164
32,Tints (feat. Kendrick Lamar),Anderson .Paak,671633,2018-11-16,1192827
33,Guiding Light,Mumford & Sons,654030,2018-11-16,5349251
34,Walk It Talk It,Migos,524117,2018-11-18,9422834
35,Celoso,Lele Pons,626702,2018-11-24,294961
36,Clandestino,Shakira,609980,2018-11-24,17308354
37,POP/STARS,K/DA,607698,2018-11-26,226517
38,Trip,Ella Mai,579549,2018-11-26,2077831
39,REEL IT IN,Aminé,613624,2018-11-27,1037726
40,Vas A Quedarte,Aitana,767899,2018-11-30,667582
41,Hurts Like Hell (feat. Offset),Madison Beer,663388,2018-12-04,1334937
42,Waste It On Me (feat. BTS),Steve Aoki,733319,2018-12-06,3252266
43,Lonesome Train,Stan Kenton,970369,2018-12-09,13567
44,Toda - Remix,Alex Rose,697463,2018-12-10,920372
45,Scared of the Dark (feat. XXXTENTACION),Lil Wayne,792097,2018-12-14,8328932
46,Christmas Time,Bryan Adams,1430908,2018-12-24,1306638
47,Wonderful Dream (Holidays Are Coming) - Radio Version,Melanie Thornton,1376866,2018-12-24,4513
48,Please Come Home For Christmas - Bonus Track,Eagles,1029818,2018-12-24,3813640
49,Do They Know It's Christmas? - 2014,Band Aid 30,1019409,2018-12-24,2443
50,Christmas All Over Again,Tom Petty and the Heartbreakers,985942,2018-12-24,1126302
51,Run Rudolph Run - Single Version,Chuck Berry,2646397,2018-12-25,963313
52,Winter Wonderland,Tony Bennett,2311203,2018-12-25,456712
53,"Santa Claus Is Comin' to Town - Live at C.W. Post College, Greenvale, NY - December 1975",Bruce Springsteen,2122579,2018-12-25,2548383
54,What Christmas Means To Me,Stevie Wonder,2016256,2018-12-25,3783703
55,Santa Ba,(with Henri René & His Orchestra),2004767,2018-12-25,0
56,One More Sleep,Leona Lewis,1832725,2018-12-25,1943270
57,I'll Be Home,Meghan Trainor,1804765,2018-12-25,7998400
58,Carol of the Bells,Mykola Dmytrovych Leontovych,1789259,2018-12-25,1186
59,You Make It Feel Like Christmas (feat. Blake Shelton),Gwen Stefani,1730843,2018-12-25,3340961
60,Little Saint Nick - 1991 Remix,The Beach Boys,1591034,2018-12-25,2169747
61,"Merry Christmas, Happy Holidays",*NSYNC,1541849,2018-12-25,1083537
62,I Saw Mommy Kissing Santa Claus,The Jackson 5,1537667,2018-12-25,828284
63,Hallelujah,Pentatonix,1436269,2018-12-25,2365035
64,"Have Yourself A Merry Little Christmas - ""Meet Me In St. Louis"" Original Cast Recording",Judy Garland,1424129,2018-12-25,111569
65,Here Comes Santa Claus (Right Down Santa Claus Lane),Gene Autry,1376482,2018-12-25,23693
66,This Christmas,Donny Hathaway,1280992,2018-12-25,278140
67,"You're A Mean One, Mr. Grinch - From Dr. Seuss' 'How The Grinch Stole Christmas'",Thurl Ravenscroft,1156412,2018-12-25,1960
68,Ba,It's Cold Outside (duet with Michael Bublé),1154753,2018-12-25,0
69,This Christmas,Christina Aguilera,1147675,2018-12-25,4558635
70,"Oh Holy Night - Recorded at Metropolis Studios, London",Nina Nesbitt,1145635,2018-12-25,200986
71,Man With The Bag,Jessie J,1129723,2018-12-25,6597698
72,Mary's Boy Child / Oh My Lord,Boney M.,1110546,2018-12-25,522024
73,Shake up Christmas,Train,1094741,2018-12-25,2976165
74,Christmas Time Is Here - Recorded at Sound Emporium Nashville,Devin Dawson,1086277,2018-12-25,104898
75,Happy Xmas (War Is Over),Céline Dion,1075660,2018-12-25,2859388
76,Merry Xmas Everybody,Slade,1068722,2018-12-25,122215
77,Christmas Time,Backstreet Boys,1063324,2018-12-25,2623198
78,Christmas Time Is Here - Vocal,Vince Guaraldi Trio,1054872,2018-12-25,67522
79,Sleigh Ride,Johnny Mathis,1051530,2018-12-25,173189
80,Frosty The Snowman,Ella Fitzgerald,989546,2018-12-25,1422545
81,2000 Miles - 2007 Remaster,Pretenders,905004,2018-12-25,587874
82,Silent Night,Carpenters,871756,2018-12-25,1038627
83,8 Days of Christmas - Live,Destiny's Child,868504,2018-12-25,3501743
84,The Man With The Bag,Kay Starr,859869,2018-12-25,22116
85,Stop the Cavalry - Radio Edit,Jona Lewie,841893,2018-12-25,4678
86,Rockin' Around The Christmas Tree,Mel & Kim,815389,2018-12-25,23
87,All I Want For Christmas (Is My Two Front Teeth) - Remastered,Nat King Cole Trio,811652,2018-12-25,77299
88,I Wish It Could Be Christmas Everyday,Wizzard,809924,2018-12-25,17197
89,Winter Wonderland,Hannah Kerr,777725,2018-12-25,21179
90,Jingle Bell Rock,Bob,1278547,2018-12-26,7289494
91,It's the Most Wonderful Time of the Year,Andy Williams,1257502,2018-12-26,223377
92,Rockin' Around The Christmas Tree,Brenda Lee,1245827,2018-12-26,134205
93,Do They Know It's Christmas? - 1984 Version,Band Aid,1241830,2018-12-26,14460
94,Happy Xmas (War Is Over) - Remastered,John Lennon,1177643,2018-12-26,2807910
95,Wonderful Christmastime [Edited Version] - Remastered 2011 / Edited Version,Paul McCartney,1174645,2018-12-26,2472987
96,Mistletoe,Justin Bieber,1044115,2018-12-26,30446614
97,Driving Home for Christmas,Chris Rea,973119,2018-12-26,322057
98,Feliz Navidad,José Feliciano,932331,2018-12-26,149415
99,Let It Snow! Let It Snow! Let It Snow! (with The B. Swanson Quartet),Frank Sinatra,898606,2018-12-26,3251416
100,Underneath the Tree,Kelly Clarkson,879042,2018-12-26,5574857
101,White Christmas,Bing Cros,871942,2018-12-26,0
102,The Christmas Song (Merry Christmas To You),Nat King Cole,840611,2018-12-26,1117641
103,A Holly Jolly Christmas - Single Version,Burl Ives,756773,2018-12-26,30533
104,Sleigh Ride,The Ronettes,746791,2018-12-26,117289
105,Merry Christmas Everyone - Remastered,Shakin' Stevens,723839,2018-12-26,68480
106,Jingle Bell Rock - Daryl's Version,Daryl Hall & John Oates,715241,2018-12-26,954763
107,Let It Snow! Let It Snow! Let It Snow!,Dean Martin,714227,2018-12-26,740960
108,Santa Claus Is Coming to Town,Michael Bublé,697449,2018-12-26,3345507
109,Christmas Lights,Coldplay,673389,2018-12-26,22251411
110,Fairytale of New York (feat. Kirsty MacColl),The Pogues,671816,2018-12-26,266769
111,It's Beginning to Look a Lot Like Christmas (with Mitchell Ayres & His Orchestra),Perry Como,669089,2018-12-26,191029
112,Blue Christmas,Elvis Presley,657260,2018-12-26,3451734
113,Ba,", It's Cold Outside",640670,2018-12-26,0
114,My Only Wish (This Year),Britney Spears,611212,2018-12-26,6537901
115,Christmas (Ba,Please Come Home),604733,2018-12-26,1
116,Last Christmas,Wham!,776544,2018-12-27,930220
117,Está Rico,Marc Anthony,569914,2018-12-29,3294685
118,Whenever (feat. Conor Maynard),Kris Kross Amsterdam,942923,2018-12-31,94798
119,Good,e (feat. Nicki Minaj & Willy William),743474,2018-12-31,444911
120,More Than You Know,Axwell /\ Ingrosso,708025,2018-12-31,1959328
121,Sweet Dreams (Are Made of This) - Remastered,Eurythmics,697842,2018-12-31,808839
122,I Wanna Dance with Somebody (Who Loves Me),Whitney Houston,692027,2018-12-31,4603218
123,All I Want for Christmas Is You,Mariah Carey,682293,2018-12-31,4811636
124,Billie Jean,Michael Jackson,870194,2019-01-01,12072297
125,Feel It Still,Portugal. The Man,682086,2019-01-01,991194
126,Can't Hold Us - feat. Ray Dalton,Macklemore & Ryan Lewis,667167,2019-01-01,2396286
127,No Me Acuerdo,Thalía,606923,2019-01-01,2203867
128,Finesse - Remix; feat. Cardi B,Bruno Mars,577058,2019-01-01,22567322
129,Hey Ya!,OutKast,568622,2019-01-01,1189413
130,Take on Me,a-ha,565994,2019-01-01,955347
131,Não Fala Não pra Mim,Humberto & Ronaldo,560658,2019-01-01,814567
132,"Stayin' Alive - From ""Saturday Night Fever"" Soundtrack",Bee Gees,536886,2019-01-01,2466527
133,"Quem Pegou, Pegou - Ao Vivo",Henrique & Juliano,524230,2019-01-01,9035475
134,HaifischNikez Allstars,LX,544655,2019-01-02,55669
135,In My Head,Peter Manos,570324,2019-01-03,41233
136,Che cazzo ridi (feat. Trippie Redd),Fedez,672376,2019-01-04,1303051
137,This Is Me,Keala Settle,577349,2019-01-07,110940
138,More Than That,Lauren Jauregui,719969,2019-01-11,573881
139,È sempre bello,Coez,697014,2019-01-11,1293418
140,Só Pra Castigar,Wesley Safadão,564347,2019-01-13,7159452
141,Rewrite The Stars,Zac Efron,605636,2019-01-14,557197
142,Call Out My Name,The Weeknd,627760,2019-01-17,17289675
143,Stamm Fort (feat. Sfera Ebbasta),Luche,660380,2019-01-19,293783
144,Parado no Bailão,MC L da Vinte,649772,2019-01-19,176900
145,Grip,Seeb,585922,2019-01-21,133362
146,Make Eem Run!,Bass Santana,656653,2019-01-23,83778
147,Mile High,James Blake,656429,2019-01-23,898649
148,Never Recover (Lil Ba,"& Gunna, Drake)",636382,2019-01-24,0
149,Harmony Hall,Vampire Weekend,831675,2019-01-25,1446032
150,mother tongue,Bring Me The Horizon,741890,2019-01-25,2596248
151,Quem Me Dera,Márcia Fellipe,639792,2019-01-26,871795
152,Hob,Hob,693652,2019-02-02,0
153,Notificação Preferida - Ao Vivo,Zé Neto & Cristiano,653649,2019-02-02,8093467
154,PPP,Kevin Roldan,648493,2019-02-02,2639987
155,SOLO,JENNIE,592307,2019-02-03,258251
156,Jenifer,Gabriel Diniz,571213,2019-02-03,863994
157,These Days,Rudimental,663659,2019-02-09,1092227
158,This Is America,Childish Gambino,662400,2019-02-11,5500602
159,La ragazza con il cuore di latta,Irama,695943,2019-02-12,940856
160,Make You Feel My Love,Adele,843563,2019-02-14,17792741
161,A Thousand Years,Christina Perri,791354,2019-02-14,2150372
162,If I Ain't Got You,Alicia Keys,733558,2019-02-14,6631768
163,The Night We Met,Lord Huron,697812,2019-02-14,583802
164,Dumb Blonde (feat. Nicki Minaj),Avril Lavigne,691673,2019-02-16,4996288
165,I Tuoi Particolari,Ultimo,586906,2019-02-17,1337131
166,So Close,NOTD,726677,2019-02-21,78284
167,Lost in the Fire,Gesaffelstein,728262,2019-02-22,281401
168,Fragen,Azet,717174,2019-02-22,865414
169,Speed It Up,Gunna,641833,2019-02-26,1402482
170,Never Go Back,Dennis Lloyd,674890,2019-02-28,313139
171,Be Like Me (feat. Lil Wayne),Lil Pump,705087,2019-03-01,6044750
172,Atrasadinha - Ao Vivo,Felipe Araújo,669148,2019-03-02,2392958
173,Dile la Verdad,The Rudeboyz,652558,2019-03-02,8614
174,Agora é Tudo Meu,Dennis DJ,621169,2019-03-03,1320990
175,Hoje Eu Vou Parar Na Gaiola,Mc Livinho,577703,2019-03-03,4840770
176,Almeda,Solange,642563,2019-03-04,860894
177,Bones (feat. OneRepublic),Galantis,614207,2019-03-04,2744585
178,Whip (feat. Travis Scott),2 Chainz,667763,2019-03-05,4910296
179,Lucky You (feat. Joyner Lucas),Eminem,629275,2019-03-05,29967269
180,What A Time (feat. Niall Horan),Julia Michaels,671015,2019-03-07,2208346
181,Asesina - Remix,Brytiago,667069,2019-03-07,1841565
182,Two of Us,Louis Tomlinson,813241,2019-03-08,2512233
183,Lo/Hi,The Black Keys,791570,2019-03-08,2984453
184,CROWN,TOMORROW X TOGETHER,611323,2019-03-11,785263
185,I Love It (& Lil Pump),Kanye West,619897,2019-03-12,10403354
186,Look Alive (feat. Drake),BlocBoy JB,633094,2019-03-13,894562
187,Electricity (with Dua Lipa),Silk City,697700,2019-03-15,44713
188,Mademoiselle,Sfera Ebbasta,652725,2019-03-16,3396931
189,Ni Gucci Ni Prada,Kenny Man,639477,2019-03-16,98267
190,BEBE,6ix9ine,573296,2019-03-17,4275660
191,Falling Down - Bonus Track,Lil Peep,599446,2019-03-18,2641656
192,Almost (Sweet Music),Hozier,658987,2019-03-20,3434950
193,Back To You - From 13 Reasons Why – Season 2 Soundtrack,Selena Gomez,642976,2019-03-21,17009808
194,Ta To Gucci (Remix),Cauty,663354,2019-03-23,72868
195,Girls Need Love (with Drake) - Remix,Summer Walker,631898,2019-03-26,534292
196,11 Minutes (with Halsey feat. Travis Barker),YUNGBLUD,660367,2019-03-28,443960
197,Maman ne le sait pas (feat. Niska),Ninho,713868,2019-03-29,2205849
198,Space Cadet (feat. Gunna),Metro Boomin,647389,2019-04-02,1487420
199,Fingías,Paloma Mami,701585,2019-04-04,463740
200,Let You Love Me,Rita Ora,697017,2019-04-04,4905190
201,Nobody,Martin Jensen,657041,2019-04-04,615402
202,Poquito,Anitta,917921,2019-04-05,8117364
203,Inmortal,Aventura,803296,2019-04-05,3116676
204,Blackberry Sky,Eno,681471,2019-04-06,347554
205,Splashin,Rich The Kid,631986,2019-04-09,1784310
206,HUMBLE.,Kendrick Lamar,642549,2019-04-11,13261942
207,Borderline,Tame Impala,715904,2019-04-12,2863712
208,Contando Lunares (feat. Cruz Cafuné),Don Patricio,659921,2019-04-13,177821
209,Bubalu,Becky G,562917,2019-04-14,6220795
210,good,e,627467,2019-04-15,444911
211,Undrunk,FLETCHER,631833,2019-04-16,132535
212,Nights Like This (feat. Ty Dolla $ign),Kehlani,652669,2019-04-17,2790585
213,Insomnia,Daya,706022,2019-04-18,969229
214,Racks In The Middle (feat. Roddy Ricch and Hit-Boy),Nipsey Hussle,619668,2019-04-23,1095464
215,"No New Friends (feat. Sia, Diplo, and Labrinth)",Sia,618908,2019-04-25,13951181
216,"Calipso (with Dardust) (feat. Sfera Ebbasta, Mahmood & Fabri Fibra)",Charlie Charles,776158,2019-04-26,378664
217,Jenny of Oldstones (Game of Thrones),Florence + The Machine,751680,2019-04-26,4827189
218,okay,LANY,705351,2019-04-26,1915481
219,Speechless (feat. Erika Sirola),Robin Schulz,659189,2019-04-30,2185643
220,R.I.P. (feat. Rita Ora & Anitta),Sofia Reyes,622404,2019-04-30,1107961
221,Pa Olvidarte (feat. Manuel Turizo) - Remix,ChocQuibTown,620197,2019-04-30,347556
222,Moonlight,Gaullin,585335,2019-05-01,46844
223,Solo (feat. Demi Lovato),Clean Bandit,610071,2019-05-02,3292879
224,Bola Rebola,Tropkillaz,646513,2019-05-04,165670
225,Te Boté - Remix,Nio Garcia,623148,2019-05-04,784288
226,Leave Me Alone,Flipp Dinero,558600,2019-05-05,411983
227,MIDDLE CHILD,PnB Rock,617510,2019-05-06,2092659
228,Best Part (feat. Daniel Caesar),H.E.R.,594915,2019-05-08,1783572
229,Just You and I,Tom Walker,634496,2019-05-09,513246
230,Floating (feat. 21 Savage),ScHoolboy Q,619607,2019-05-09,2756517
231,Bad,James Bay,757766,2019-05-10,2514052
232,Shotgun,George Ezra,551411,2019-05-12,2645122
233,Hey Julie! (feat. Lil Yachty),KYLE,616856,2019-05-14,786745
234,"Don't Give Up On Me - (From ""Five Feet Apart"")",Andy Grammer,610517,2019-05-15,679759
235,i,Lil Skies,688077,2019-05-16,3166316
236,Chlorine,Twenty One Pilots,613989,2019-05-16,14698277
237,"You Stay (feat. Meek Mill, J Balvin, Lil Ba",& Jeremih),723894,2019-05-17,0
238,Too Late For Love,John Lundvik,654595,2019-05-19,18107
239,She Got Me,Luca Hänni,718737,2019-05-20,34248
240,Spirit in the Sky,Keiino,660904,2019-05-20,14575
241,Letzte Träne,Kontra K,648433,2019-05-20,1264026
242,DEUTSCHLAND,Rammstein,659686,2019-05-21,3449703
243,I Don't Belong In This Club,Why Don't We,787282,2019-05-23,1587125
244,Power is Power (feat. The Weeknd & Travis Scott),SZA,736534,2019-05-23,2833339
245,Purple Emoji (feat. J. Cole),Ty Dolla $ign,873480,2019-05-24,2941542
246,One Touch,Jess Glynne,837982,2019-05-24,1792687
247,Punto G,KAROL G,626426,2019-05-30,6638590
248,Spicy - with Diplo & Charli XCX,Herve Pagez,842008,2019-05-31,3593
249,Glad He's Gone,Tove Lo,774221,2019-05-31,2171381
250,Love Thru The Computer (feat. Justin Bieber),Gucci Mane,700210,2019-06-03,2885954
251,Love Someone,Lukas Graham,614206,2019-06-04,1465987
252,MOWGLI II,PNL,826024,2019-06-06,2332312
253,Broke Leg (with Quavo & Tyga),Tory Lanez,654558,2019-06-06,2497034
254,Mo Bamba,Sheck Wes,644197,2019-06-06,654016
255,Faucet Failure,Ski Mask The Slump God,641846,2019-06-06,2571091
256,NENENE,Fero47,753790,2019-06-07,208774
257,Beer Never Broke My Heart,Luke Combs,646668,2019-06-08,1736976
258,Earth,Lil Dicky,585829,2019-06-09,1372353
259,Government Official,Future,585232,2019-06-09,8060619
260,ReBoTa,Guayna,583532,2019-06-09,4
261,Arcade,Duncan Laurence,712024,2019-06-13,47660
262,Civil War,Russ,642825,2019-06-13,2709426
263,Tricheur,Nekfeu,619305,2019-06-13,999259
264,"Let Me Go (with Alesso, Florida Georgia Line & watt)",Hailee Steinfeld,757023,2019-06-14,4840703
265,Faz Gostoso (feat. Anitta),Madonna,746253,2019-06-14,3404272
266,Let You Know,Flume,710420,2019-06-14,1838664
267,Another Place,Bastille,697663,2019-06-14,3862015
268,Vermissen,Juju,682174,2019-06-14,160875
269,"Rocket Man (I Think It's Going To Be A Long, Long Time)",Elton John,591838,2019-06-16,3715849
270,Soldi,Mahmood,575258,2019-06-16,313936
271,Just Us (feat. SZA),DJ Khaled,641303,2019-06-17,4231616
272,Sad Song (feat. TINI),Alesso,666029,2019-06-18,3052578
273,Bounce Back,Little Mix,637363,2019-06-18,6493436
274,Maghreb Gang (feat. French Montana & Khaled),Farid Bang,665665,2019-06-19,611760
275,Love Me Less (feat. Quinn XCII),MAX,659510,2019-06-19,342143
276,That's Life (feat. Mac Miller & Sia),88-Keys,649733,2019-06-22,11790
277,Date La Vuelta,Luis Fonsi,565715,2019-06-23,7159424
278,a lot,21 Savage,563319,2019-06-23,6760930
279,Walk Me Home,P!nk,558640,2019-06-23,7142235
280,weR mAChT PaRA 2,Dardan,677755,2019-06-24,532641
281,Royal Rumble,Kalazh44,621085,2019-06-24,46031
282,Out The Mud,Lil Ba,617594,2019-06-26,1
283,Envy Me,Calboy,675319,2019-06-27,205899
284,Isis,Joyner Lucas,641132,2019-06-27,891638
285,Tú No Amas,Mambo Kingz,634365,2019-06-27,85202
286,All the Time,Zara Larsson,627200,2019-06-27,5948381
287,SUPERPOSITION,Daniel Caesar,756271,2019-06-28,1552739
288,Swing,Danny Ocean,635522,2019-06-29,1872384
289,Evoluiu,MC Kevin o Chris,587846,2019-06-30,622799
290,Sweet Home Alabama,Lynyrd Skynyrd,702508,2019-07-04,2309713
291,Clout (feat. Cardi B),Offset,680165,2019-07-04,1249727
292,Yallah Good,e (feat. Gringo),613953,2019-07-06,444911
293,Speechless (Full),Naomi Scott,557807,2019-07-07,94666
294,Aullando,Wisin & Yandel,623843,2019-07-10,3075044
295,MEGATRON,Nicki Minaj,637994,2019-07-11,16263990
296,"Down Bad (feat. JID, Bas, J. Cole, EARTHGANG & Young Nudy)",Dreamville,700996,2019-07-12,149645
297,I Love You 3000,Stephanie Poetri,588281,2019-07-14,58440
298,Raffaello,Shindy,568141,2019-07-14,536257
299,Thing For You (With Martin Solveig),David Guetta,667739,2019-07-18,20017220
300,Gone,Charli XCX,704748,2019-07-19,1819370
301,Neptun,KC Rebell,657643,2019-07-22,835563
302,YOSHI (feat. Fabri Fibra) - prod. Strage,MACHETE,619028,2019-07-22,559291
303,IDGAF,Dua Lipa,612928,2019-07-24,13590677
304,All Day And Night - Jax Jones & Martin Solveig Present Europa,Jax Jones,664942,2019-07-25,588842
305,Vossi Bop,Stormzy,635714,2019-07-25,1041453
306,Homicide (feat. Eminem),Logic,626433,2019-07-25,4096941
307,ZEZE,Kodak Black,620643,2019-07-25,5115472
308,Nummer,Ufo361,850903,2019-07-26,1126709
309,Mein Kopf,MERO,752959,2019-07-26,835355
310,Caught Up (feat. Khalid),Majid Jordan,725304,2019-07-26,435789
311,Flash Pose,Pabllo Vittar,688392,2019-07-26,2483959
312,MOOD 4 EVA (feat. Oumou Sangaré),Beyoncé,632466,2019-07-29,20350283
313,Ela,Reynmen,610038,2019-07-29,707768
314,Mekanın Sahibi,Norm Ender,629792,2019-07-31,589080
315,BROWN SKIN GIRL,Blue Ivy,651372,2019-08-01,2021
316,The Bones,Maren Morris,642262,2019-08-01,385030
317,RNP (feat. Anderson .Paak),YBN Cordae,612319,2019-08-01,719743
318,OMG (with Carly Rae Jepsen),Gryffin,772189,2019-08-02,344100
319,On A Roll,Ashley O,548919,2019-08-04,53674
320,"A Whole New World (End Title) - From ""Aladdin""",ZAYN,591719,2019-08-05,9330859
321,I Think I'm OKAY (with YUNGBLUD & Travis Barker),Machine Gun Kelly,625131,2019-08-08,1668981
322,What I Like About You (feat. Theresa Rex),Jonas Blue,609880,2019-08-08,2318154
323,Hair Down (feat. Kendrick Lamar),SiR,836022,2019-08-09,190723
324,Naeem,Bon Iver,781309,2019-08-09,2431905
325,Birth Of The Cruel,Slipknot,727928,2019-08-09,4984065
326,Rooting For You,Alessia Cara,675290,2019-08-09,6082351
327,Te Vi,Piso 21,602660,2019-08-10,4251392
328,Dancin (feat. Luvli) - Krono Remix,Aaron Smith,589705,2019-08-12,143809
329,Find U Again (feat. Camila Cabello),Mark Ronson,586224,2019-08-12,680050
330,Gold Roses (feat. Drake),Rick Ross,584685,2019-08-12,3459469
331,Snake Skin,Trippie Redd,584439,2019-08-12,3481753
332,Daddy (feat. Rich The Kid),Blueface,596968,2019-08-13,1217837
333,Hot Shower,Chance the Rapper,593884,2019-08-13,4379848
334,Sanguine Paradise,Lil Uzi Vert,685217,2019-08-15,7032312
335,In Your Arms (with X Ambassadors),ILLENIUM,706574,2019-08-16,680415
336,Lençol Dobrado,João Gustavo e Murilo,630047,2019-08-17,86132
337,Jet Lag,A$AP Ferg,609029,2019-08-17,2105915
338,Mr. Brightside,The Killers,603725,2019-08-17,4865730
339,All For Us - from the HBO Original Series Euphoria,Labrinth,632125,2019-08-21,933792
340,Every Breath You Take,The Police,626399,2019-08-22,3022731
341,Don't Stop Believin',Journey,614061,2019-08-22,2429719
342,Te Soñé de Nuevo,Ozuna,605951,2019-08-22,19282455
343,People,The 1975,763604,2019-08-23,3500229
344,Intro-Résumé,Miami Yacine,709242,2019-08-23,575121
345,Contra La Pared,Sean Paul,648013,2019-08-24,2674035
346,My Type,Saweetie,562563,2019-08-25,442105
347,Kill This Love,BLACKPINK,559859,2019-08-25,9051059
348,One Kiss (with Dua Lipa),Calvin Harris,615075,2019-08-26,18365636
349,Body (feat. Brando),Loud Luxury,621642,2019-08-27,184587
350,NO HALO,BROCKHAMPTON,658367,2019-08-28,996475
351,Tap (feat. Meek Mill),NAV,634473,2019-08-28,1592187
352,I'm Yours,Jason Mraz,643148,2019-08-29,4784865
353,Fendi Drip,Luciano,758571,2019-08-30,411142
354,Not 20 Anymore,Bebe Rexha,749279,2019-08-30,4134646
355,Fear Inoculum,TOOL,667663,2019-08-31,946671
356,On My Way,Alan Walker,583411,2019-09-01,14305441
357,Bezerk (feat. A$AP Ferg & Hit-Boy),Big Sean,696136,2019-09-03,6612320
358,Time - Edit,NF,656465,2019-09-04,2436671
359,"Nicki Nicole: Bzrp Music Sessions, Vol. 13",Bizarrap,647958,2019-09-04,324415
360,Carry Me Away,John Mayer,904926,2019-09-06,4098425
361,Méchant,Niska,706008,2019-09-06,2361578
362,Susamam,Şanışer,674744,2019-09-07,395484
363,Taste (feat. Offset),Tyga,644369,2019-09-07,5097573
364,Show & Tell,Melanie Martinez,656863,2019-09-10,5005086
365,Rebota - Remix,Guaynaa,670302,2019-09-12,124928
366,Won't Be Late (feat. Drake),Swae Lee,647422,2019-09-12,508818
367,Mother,Charlie Puth,779645,2019-09-13,8030749
368,Sentou e Gostou,MC JottaPê,677929,2019-09-14,62823
369,Huracan,Samra,663968,2019-09-14,338829
370,Tijolão - Ao Vivo,Jorge & Mateus,591593,2019-09-15,10690159
371,Bellacoso,Residente,579456,2019-09-15,502441
372,Doin' Time,Lana Del Rey,629943,2019-09-16,9103170
373,CANGURO,WOS,606480,2019-09-16,435319
374,Babushka Boi,A$AP Rocky,631149,2019-09-18,5970158
375,Hate Me (with Juice WRLD),Ellie Goulding,624738,2019-09-19,6999506
376,Esagono (feat. Salmo),Gemitaiz,747774,2019-09-20,1331492
377,Nur mit Dir (feat. Xavier Naidoo),Shirin David,700947,2019-09-20,254301
378,Pin the Grenade,blink-182,696456,2019-09-20,5355771
379,Supera - Ao Vivo,Marília Mendonça,666468,2019-09-21,11272050
380,All Around The World (La La La),R3HAB,666089,2019-09-21,1819163
381,Kein Plan,Loredana,657187,2019-09-21,360354
382,quando a bad bater - ao vivo,Luan Santana,657035,2019-09-21,3552049
383,"Go Loko (feat. Tyga, Jon Z)",YG,656482,2019-09-21,1903823
384,I Like It,Cardi B,656011,2019-09-21,9547656
385,September,"Earth, Wind & Fire",615435,2019-09-23,1978882
386,Ronin,Bushido,625601,2019-09-24,928193
387,Adriana,RAF Camora,623159,2019-09-24,966420
388,Ritual,Tiësto,650726,2019-09-26,4638075
389,Drip Too Hard (Lil Ba,& Gunna),650067,2019-09-26,41
390,Trampoline (with ZAYN),SHAED,927498,2019-09-27,57960
391,Hash Hash,SSIO,885617,2019-09-27,259759
392,Fabergé,RIN,684367,2019-09-28,364685
393,Africa,TOTO,662526,2019-09-28,1194835
394,Hit Contagiante,Felipe Original,659348,2019-09-28,12027
395,Gaiola É o Troco,MC Du Black,657290,2019-09-28,6730
396,Summer Cem (feat. Luciano),Summer Cem,653974,2019-09-28,730180
397,El Triste,José José,611197,2019-09-29,1975395
398,La Boca - Remix,Mau y Ricky,585649,2019-09-29,1311462
399,Get You The Moon (feat. Snøw),Kina,634966,2019-09-30,164877
400,EARFQUAKE,"Tyler, The Creator",619719,2019-09-30,3350207
401,Chicken Noodle Soup (feat. Becky G),j-hope,653594,2019-10-01,2151567
402,Good Thing (with Kehlani),Zedd,651058,2019-10-01,4751907
403,Dance Monkey,Tones and I,4750474,2019-10-02,133028
404,Lalala,Y2K,3004380,2019-10-02,77688
405,Good,es (Feat. Young Thug),2865294,2019-10-02,0
406,China,Anuel AA,2755447,2019-10-02,8298835
407,hot girl bummer,blackbear,1953517,2019-10-02,2392922
408,Callaita,Bad Bunny,1869254,2019-10-02,15604201
409,Adicto (with Anuel AA & Ozuna),Tainy,1787460,2019-10-02,38727
410,No Me Conoce - Remix,Jhay Cortez,1762267,2019-10-02,326255
411,No Guidance (feat. Drake),Chris Brown,1758785,2019-10-02,9591226
412,Tutu,Camilo,1681220,2019-10-02,231656
413,223's (feat. 9lokknine),YNW Melly,1587960,2019-10-02,1557350
414,It's You,Ali Gatie,1564659,2019-10-02,274250
415,Piece Of Your Heart,MEDUZA,1559711,2019-10-02,65726
416,Ride It,Regard,1508847,2019-10-02,9040
417,Higher Love,Kygo,1485665,2019-10-02,5528683
418,Good As Hell,Lizzo,1404283,2019-10-02,1321266
419,Soltera - Remix,Lunay,1377844,2019-10-02,811620
420,Shallow,Lady Gaga,1356958,2019-10-02,9243141
421,"Writing on the Wall (feat. Post Malone, Cardi B & Rvssian)",French Montana,1313307,2019-10-02,3054409
422,110,Capital Bra,1235875,2019-10-02,2608544
423,The London (feat. J. Cole & Travis Scott),Young Thug,1221014,2019-10-02,4438325
424,QUE PRETENDES,J Balvin,1194265,2019-10-02,15854803
425,Motivation,Normani,1165373,2019-10-02,544581
426,Con Altura,ROSALÍA,1114064,2019-10-02,1492450
427,If I Can't Have You,Shawn Mendes,1100343,2019-10-02,20526071
428,I.F.L.Y.,Bazzi,1074574,2019-10-02,2242191
429,Post Malone (feat. RANI),Sam Feldt,1067870,2019-10-02,412777
430,Slide Away,Miley Cyrus,1057688,2019-10-02,9962604
431,Quizás,Rich Music LTD,1036896,2019-10-02,13418
432,200 km/h,Apache 207,1000638,2019-10-02,159951
433,Qué Pena,Maluma,990164,2019-10-02,17093224
434,Eastside (with Halsey & Khalid),benny blanco,980516,2019-10-02,374905
435,Without Me,Halsey,980280,2019-10-02,7857171
436,Dancing With A Stranger (with Normani),Sam Smith,971857,2019-10-02,9994805
437,3 Nights,Dominic Fike,945645,2019-10-02,167674
438,Con Calma,Daddy Yankee,940636,2019-10-02,13833361
439,Never Really Over,Katy Perry,921456,2019-10-02,13922870
440,"El Favor (with Nicky Jam & Sech, feat. Farruko, Zion & Lunay)",Dimelo Flow,920612,2019-10-02,43048
441,Sweet but Psycho,Ava Max,913915,2019-10-02,702402
442,Fantasias,Rauw Alejandro,908348,2019-10-02,243232
443,Ba,(Lil Ba,904477,2019-10-02,1
444,"thank u, next",Ariana Grande,898204,2019-10-02,36440283
445,Honda Civic,The Cratez,885190,2019-10-02,1219
446,Instagram,Dimitri Vegas & Like Mike,881988,2019-10-02,2587900
447,Indeciso,Reik,880542,2019-10-02,3254028
448,Rescue Me,OneRepublic,865240,2019-10-02,8577514
449,Feel Special,TWICE,863537,2019-10-02,3948238
450,2002,Sido,860858,2019-10-02,843943
451,Only Human,Jonas Brothers,857786,2019-10-02,3013459
452,Say You Won't Let Go,James Arthur,857447,2019-10-02,4708039
453,Que Calor (feat. J Balvin & El Alfa),Major Lazer,850047,2019-10-02,5697228
454,ME! (feat. Brendon Urie of Panic! At The Disco),Taylor Swift,845935,2019-10-02,23414305
455,Let Me Down Slowly,Alec Benjamin,841021,2019-10-02,882728
456,Si Se Da - Remix,Myke Towers,832667,2019-10-02,548811
457,Goteo,Duki,825031,2019-10-02,2342711
458,F.N,Lil Tjay,823644,2019-10-02,452702
459,goosebumps,Travis Scott,819497,2019-10-02,6725694
460,Be Alright,Dean Lewis,817232,2019-10-02,751695
461,Panini - DaBa,Remix,816164,2019-10-02,120088
462,Youngblood,5 Seconds of Summer,814887,2019-10-02,5242530
463,Bad Bad Bad (feat. Lil Ba,),814683,2019-10-02,0
464,Bruises,Lewis Capaldi,812144,2019-10-02,1281549
465,Old Town Road,Lil Nas X,810997,2019-10-02,1363014
466,Calma - Remix,Pedro Capó,806381,2019-10-02,646031
467,Lucid Dreams,Juice WRLD,805902,2019-10-02,5648506
468,Otro Trago,Sech,802013,2019-10-02,1251210
469,Girls Like You (feat. Cardi B),Maroon 5,801463,2019-10-02,20271848
470,High Hopes,Panic! At The Disco,794179,2019-10-02,8044594
471,Hot Girl Summer (feat. Nicki Minaj & Ty Dolla $ign),Megan Thee Stallion,793406,2019-10-02,420236
472,"DJ No Pare (feat. Zion, Dalex, Lenny Tavárez) - Remix",Justin Quiles,787028,2019-10-02,1326259
473,Shameless,Camila Cabello,784704,2019-10-02,12215447
474,Pop Out (feat. Lil Tjay),Polo G,784438,2019-10-02,464871
475,Ransom (with Juice WRLD) - Remix,Lil Tecca,783131,2019-10-02,810440
476,2002,Anne-Marie,763747,2019-10-02,4586362
477,"Baguettes in the Face (feat. NAV, Playboi Carti & A Boogie Wit da Hoodie)",Mustard,760906,2019-10-02,477157
478,Te Quemaste,Manuel Turizo,757878,2019-10-02,4480111
479,MIDDLE CHILD,J. Cole,756581,2019-10-02,9336236
480,i'm so tired...,Lauv,732172,2019-10-02,1742904
481,Thunder,Imagine Dragons,723892,2019-10-02,22353682
482,Summer Days (feat. Macklemore & Patrick Stump of Fall Out Boy),Martin Garrix,720708,2019-10-02,11574800
483,Too Good At Good,es,720431,2019-10-02,2101
484,Swervin (feat. 6ix9ine),A Boogie Wit da Hoodie,712986,2019-10-02,3453730
485,Be Honest (feat. Burna Boy),Jorja Smith,710683,2019-10-02,1120575
486,Verte Ir,DJ Luian,708760,2019-10-02,437830
487,Atrévete,Nicky Jam,707309,2019-10-02,9987364
488,RAW SHIT (feat. Migos),DaBa,706734,2019-10-02,46
489,Going Bad (feat. Drake),Meek Mill,705962,2019-10-02,3561510
490,All of Me,John Legend,704977,2019-10-02,4696480
491,"Taki Taki (feat. Selena Gomez, Ozuna & Cardi B)",DJ Snake,692358,2019-10-02,5747294
492,SOS (feat. Aloe Blacc),Avicii,691437,2019-10-02,15292360
493,Shotta Flow (Feat. Blueface) [Remix],NLE Choppa,686387,2019-10-02,434342
494,Tal Vez,Paulo Londra,686238,2019-10-02,7475104
495,Photograph,Ed Sheeran,685650,2019-10-02,52038818
496,Valentino,24kGoldn,683358,2019-10-02,15024
497,Cuerpo en Venta,Noriel,681746,2019-10-02,2587016
498,Boy With Luv (feat. Halsey),BTS,681409,2019-10-02,13773905
499,No Te Debí Besar,C. Tangana,675176,2019-10-02,753040
500,Cuaderno,Dalex,673703,2019-10-02,426498
501,Outnumbered,Dermot Kennedy,670704,2019-10-02,380504
502,Jocelyn Flores,XXXTENTACION,664489,2019-10-02,15569399
503,SLOW DANCING IN THE DARK,Joji,663840,2019-10-02,1737823
504,In My Mind,Dynoro,662115,2019-10-02,138591
505,God's Plan,Drake,661541,2019-10-02,41097450
506,Wonderwall - Remastered,Oasis,656675,2019-10-02,4452076
507,The Git Up,Blanco Brown,656066,2019-10-02,48512
508,comethru,Jeremy Zucker,655177,2019-10-02,486841
509,Stuck In A Dream (feat. Gunna),Lil Mosey,654715,2019-10-02,1020750
510,AYA,Murda,653726,2019-10-02,95707
511,wish you were gay,Billie Eilish,653299,2019-10-02,14178094
512,Closer,The Chainsmokers,651668,2019-10-02,14004943
513,Mad Love,Mabel,651446,2019-10-02,435717
514,Under Pressure - Remastered,Queen,647178,2019-10-02,20170779
515,I'm Gonna Be,Post Malone,646135,2019-10-02,18160776
516,Right Back (feat. A Boogie Wit Da Hoodie),Khalid,644483,2019-10-02,8666528
517,TOES (feat. Lil Ba,& Moneybagg Yo),643940,2019-10-02,0
518,Heartless (feat. Morgan Wallen),Diplo,643544,2019-10-02,2082977
519,Runaway,Sebastian Yatra,642578,2019-10-02,8804258
520,Here With Me,Marshmello,640662,2019-10-02,16946294
521,Baila Conmigo (feat. Kelly Ruiz),Dayvi,639161,2019-10-02,16433
